{
  "accuracy": 0.9701916252661462,
  "precision": 0.9882352941176471,
  "recall": 0.8983957219251337,
  "f1_score": 0.9411764705882353,
  "confusion_matrix": [
    [
      1031,
      4
    ],
    [
      38,
      336
    ]
  ]
}